case_id,score
57543,0.05358334772222262
57549,0.05431428699580822
57551,0.041261482652024326
57552,0.02999266959719471
57569,0.01195287660966685
57630,0.02673307945480869
57631,0.011378649584660516
57632,0.004467965516136927
57633,0.0437225135894588
57634,0.03798860884815231
