case_id,score
57543,0.007582034164657014
57549,0.0031500666692896814
57551,0.0011446337011553791
57552,0.0019088457980359617
57569,0.00029813554228545606
57630,0.0007035005859103946
57631,0.0007232945218307734
57632,0.000841901141423485
57633,0.004250379878982556
57634,0.0018817362202265407
